,rxn_mapper,graphormer,local_mapper,rdt
ecoli,5.19261622428894,24.712733507156372,36.96347999572754,1191.4409301280975
recon3d,9.931395053863525,45.4081871509552,77.15752029418945,3102.505228996277
uspto_3k,39.55206894874573,242.10820865631104,311.24190735816956,12293.527838468552
golden,20.42318081855774,121.13132977485657,148.2190556526184,5022.1708035469055
natcomm,5.404484033584595,31.207542419433594,37.40937614440918,1052.871711730957
