,rxn_mapper,graphormer,local_mapper,rdt
ecoli,5.130781173706055,24.71328854560852,40.29290199279785,1189.9301385879517
recon3d,9.87539553642273,45.71526002883911,83.6903657913208,3156.9648809432983
uspto_3k,40.37580871582031,245.45205903053284,311.1766314506531,12281.490290403366
golden,20.29700493812561,120.641184091568,154.83255577087402,5028.393046617508
natcomm,5.339799165725708,30.891627073287964,38.8482563495636,1053.31880068779
