,rxn_mapper,graphormer,local_mapper,rdt
ecoli,3.1880314350128174,2.162360429763794,3.966573715209961,61.77603197097778
recon3d,0.6309013366699219,2.4247565269470215,4.4157350063323975,494.7086400985718
uspto_3k,0.33672475814819336,1.5296564102172852,1.9800024032592773,44.450368881225586
golden,0.22794270515441895,1.3706674575805664,1.542156457901001,40.04643177986145
natcomm,0.2496809959411621,1.389815330505371,2.0239312648773193,19.921873092651367
