,rxn_mapper,graphormer,local_mapper,rdt
ecoli,6.165494918823242,33.75055694580078,38.754008293151855,1220.3435699939728
recon3d,10.582441091537476,47.49575209617615,78.75218486785889,3174.590388774872
uspto_3k,49.30258059501648,287.2073221206665,383.173889875412,16205.398500919342
golden,22.345261573791504,132.3986475467682,162.15714979171753,5975.99271607399
natcomm,5.623688459396362,33.115434408187866,39.432177782058716,1237.3952238559723
